column_position,column_name,unique_physical_type_count,observed_physical_types,compatibility,canonical_type,explanation,file_type_details_json
0,Protocol,1,int8,identical,int64,All files use the same physical type.,"[{""physical_type"": ""int8"", ""file_count"": 10, ""files"": [""Botnet-Friday-02-03-2018_TrafficForML_CICFlowMeter.parquet"", ""Bruteforce-Wednesday-14-02-2018_TrafficForML_CICFlowMeter.parquet"", ""DDoS1-Tuesday-20-02-2018_TrafficForML_CICFlowMeter.parquet"", ""DDoS2-Wednesday-21-02-2018_TrafficForML_CICFlowMeter.parquet"", ""DoS1-Thursday-15-02-2018_TrafficForML_CICFlowMeter.parquet"", ""DoS2-Friday-16-02-2018_TrafficForML_CICFlowMeter.parquet"", ""Infil1-Wednesday-28-02-2018_TrafficForML_CICFlowMeter.parquet"", ""Infil2-Thursday-01-03-2018_TrafficForML_CICFlowMeter.parquet"", ""Web1-Thursday-22-02-2018_TrafficForML_CICFlowMeter.parquet"", ""Web2-Friday-23-02-2018_TrafficForML_CICFlowMeter.parquet""]}]"
1,Flow Duration,2,int32 | int64,safe_numeric_widening,int64,Integer-width differences can be safely promoted to int64.,"[{""physical_type"": ""int32"", ""file_count"": 8, ""files"": [""Botnet-Friday-02-03-2018_TrafficForML_CICFlowMeter.parquet"", ""DDoS1-Tuesday-20-02-2018_TrafficForML_CICFlowMeter.parquet"", ""DDoS2-Wednesday-21-02-2018_TrafficForML_CICFlowMeter.parquet"", ""DoS1-Thursday-15-02-2018_TrafficForML_CICFlowMeter.parquet"", ""DoS2-Friday-16-02-2018_TrafficForML_CICFlowMeter.parquet"", ""Infil1-Wednesday-28-02-2018_TrafficForML_CICFlowMeter.parquet"", ""Infil2-Thursday-01-03-2018_TrafficForML_CICFlowMeter.parquet"", ""Web2-Friday-23-02-2018_TrafficForML_CICFlowMeter.parquet""]}, {""physical_type"": ""int64"", ""file_count"": 2, ""files"": [""Bruteforce-Wednesday-14-02-2018_TrafficForML_CICFlowMeter.parquet"", ""Web1-Thursday-22-02-2018_TrafficForML_CICFlowMeter.parquet""]}]"
2,Total Fwd Packets,2,int16 | int32,safe_numeric_widening,int64,Integer-width differences can be safely promoted to int64.,"[{""physical_type"": ""int16"", ""file_count"": 5, ""files"": [""Bruteforce-Wednesday-14-02-2018_TrafficForML_CICFlowMeter.parquet"", ""DoS1-Thursday-15-02-2018_TrafficForML_CICFlowMeter.parquet"", ""DoS2-Friday-16-02-2018_TrafficForML_CICFlowMeter.parquet"", ""Infil2-Thursday-01-03-2018_TrafficForML_CICFlowMeter.parquet"", ""Web1-Thursday-22-02-2018_TrafficForML_CICFlowMeter.parquet""]}, {""physical_type"": ""int32"", ""file_count"": 5, ""files"": [""Botnet-Friday-02-03-2018_TrafficForML_CICFlowMeter.parquet"", ""DDoS1-Tuesday-20-02-2018_TrafficForML_CICFlowMeter.parquet"", ""DDoS2-Wednesday-21-02-2018_TrafficForML_CICFlowMeter.parquet"", ""Infil1-Wednesday-28-02-2018_TrafficForML_CICFlowMeter.parquet"", ""Web2-Friday-23-02-2018_TrafficForML_CICFlowMeter.parquet""]}]"
3,Total Backward Packets,3,int16 | int32 | int8,safe_numeric_widening,int64,Integer-width differences can be safely promoted to int64.,"[{""physical_type"": ""int16"", ""file_count"": 4, ""files"": [""Bruteforce-Wednesday-14-02-2018_TrafficForML_CICFlowMeter.parquet"", ""DDoS1-Tuesday-20-02-2018_TrafficForML_CICFlowMeter.parquet"", ""DoS1-Thursday-15-02-2018_TrafficForML_CICFlowMeter.parquet"", ""DoS2-Friday-16-02-2018_TrafficForML_CICFlowMeter.parquet""]}, {""physical_type"": ""int32"", ""file_count"": 5, ""files"": [""Botnet-Friday-02-03-2018_TrafficForML_CICFlowMeter.parquet"", ""Infil1-Wednesday-28-02-2018_TrafficForML_CICFlowMeter.parquet"", ""Infil2-Thursday-01-03-2018_TrafficForML_CICFlowMeter.parquet"", ""Web1-Thursday-22-02-2018_TrafficForML_CICFlowMeter.parquet"", ""Web2-Friday-23-02-2018_TrafficForML_CICFlowMeter.parquet""]}, {""physical_type"": ""int8"", ""file_count"": 1, ""files"": [""DDoS2-Wednesday-21-02-2018_TrafficForML_CICFlowMeter.parquet""]}]"
4,Fwd Packets Length Total,2,int16 | int32,safe_numeric_widening,int64,Integer-width differences can be safely promoted to int64.,"[{""physical_type"": ""int16"", ""file_count"": 1, ""files"": [""DoS2-Friday-16-02-2018_TrafficForML_CICFlowMeter.parquet""]}, {""physical_type"": ""int32"", ""file_count"": 9, ""files"": [""Botnet-Friday-02-03-2018_TrafficForML_CICFlowMeter.parquet"", ""Bruteforce-Wednesday-14-02-2018_TrafficForML_CICFlowMeter.parquet"", ""DDoS1-Tuesday-20-02-2018_TrafficForML_CICFlowMeter.parquet"", ""DDoS2-Wednesday-21-02-2018_TrafficForML_CICFlowMeter.parquet"", ""DoS1-Thursday-15-02-2018_TrafficForML_CICFlowMeter.parquet"", ""Infil1-Wednesday-28-02-2018_TrafficForML_CICFlowMeter.parquet"", ""Infil2-Thursday-01-03-2018_TrafficForML_CICFlowMeter.parquet"", ""Web1-Thursday-22-02-2018_TrafficForML_CICFlowMeter.parquet"", ""Web2-Friday-23-02-2018_TrafficForML_CICFlowMeter.parquet""]}]"
5,Bwd Packets Length Total,3,float | int16 | int32,safe_numeric_promotion,double,Mixed numeric types can be safely promoted to float64.,"[{""physical_type"": ""float"", ""file_count"": 1, ""files"": [""Botnet-Friday-02-03-2018_TrafficForML_CICFlowMeter.parquet""]}, {""physical_type"": ""int16"", ""file_count"": 1, ""files"": [""DDoS2-Wednesday-21-02-2018_TrafficForML_CICFlowMeter.parquet""]}, {""physical_type"": ""int32"", ""file_count"": 8, ""files"": [""Bruteforce-Wednesday-14-02-2018_TrafficForML_CICFlowMeter.parquet"", ""DDoS1-Tuesday-20-02-2018_TrafficForML_CICFlowMeter.parquet"", ""DoS1-Thursday-15-02-2018_TrafficForML_CICFlowMeter.parquet"", ""DoS2-Friday-16-02-2018_TrafficForML_CICFlowMeter.parquet"", ""Infil1-Wednesday-28-02-2018_TrafficForML_CICFlowMeter.parquet"", ""Infil2-Thursday-01-03-2018_TrafficForML_CICFlowMeter.parquet"", ""Web1-Thursday-22-02-2018_TrafficForML_CICFlowMeter.parquet"", ""Web2-Friday-23-02-2018_TrafficForML_CICFlowMeter.parquet""]}]"
6,Fwd Packet Length Max,2,int16 | int32,safe_numeric_widening,int64,Integer-width differences can be safely promoted to int64.,"[{""physical_type"": ""int16"", ""file_count"": 8, ""files"": [""Botnet-Friday-02-03-2018_TrafficForML_CICFlowMeter.parquet"", ""DDoS1-Tuesday-20-02-2018_TrafficForML_CICFlowMeter.parquet"", ""DDoS2-Wednesday-21-02-2018_TrafficForML_CICFlowMeter.parquet"", ""DoS2-Friday-16-02-2018_TrafficForML_CICFlowMeter.parquet"", ""Infil1-Wednesday-28-02-2018_TrafficForML_CICFlowMeter.parquet"", ""Infil2-Thursday-01-03-2018_TrafficForML_CICFlowMeter.parquet"", ""Web1-Thursday-22-02-2018_TrafficForML_CICFlowMeter.parquet"", ""Web2-Friday-23-02-2018_TrafficForML_CICFlowMeter.parquet""]}, {""physical_type"": ""int32"", ""file_count"": 2, ""files"": [""Bruteforce-Wednesday-14-02-2018_TrafficForML_CICFlowMeter.parquet"", ""DoS1-Thursday-15-02-2018_TrafficForML_CICFlowMeter.parquet""]}]"
7,Fwd Packet Length Min,1,int16,identical,int64,All files use the same physical type.,"[{""physical_type"": ""int16"", ""file_count"": 10, ""files"": [""Botnet-Friday-02-03-2018_TrafficForML_CICFlowMeter.parquet"", ""Bruteforce-Wednesday-14-02-2018_TrafficForML_CICFlowMeter.parquet"", ""DDoS1-Tuesday-20-02-2018_TrafficForML_CICFlowMeter.parquet"", ""DDoS2-Wednesday-21-02-2018_TrafficForML_CICFlowMeter.parquet"", ""DoS1-Thursday-15-02-2018_TrafficForML_CICFlowMeter.parquet"", ""DoS2-Friday-16-02-2018_TrafficForML_CICFlowMeter.parquet"", ""Infil1-Wednesday-28-02-2018_TrafficForML_CICFlowMeter.parquet"", ""Infil2-Thursday-01-03-2018_TrafficForML_CICFlowMeter.parquet"", ""Web1-Thursday-22-02-2018_TrafficForML_CICFlowMeter.parquet"", ""Web2-Friday-23-02-2018_TrafficForML_CICFlowMeter.parquet""]}]"
8,Fwd Packet Length Mean,1,float,identical,double,All files use the same physical type.,"[{""physical_type"": ""float"", ""file_count"": 10, ""files"": [""Botnet-Friday-02-03-2018_TrafficForML_CICFlowMeter.parquet"", ""Bruteforce-Wednesday-14-02-2018_TrafficForML_CICFlowMeter.parquet"", ""DDoS1-Tuesday-20-02-2018_TrafficForML_CICFlowMeter.parquet"", ""DDoS2-Wednesday-21-02-2018_TrafficForML_CICFlowMeter.parquet"", ""DoS1-Thursday-15-02-2018_TrafficForML_CICFlowMeter.parquet"", ""DoS2-Friday-16-02-2018_TrafficForML_CICFlowMeter.parquet"", ""Infil1-Wednesday-28-02-2018_TrafficForML_CICFlowMeter.parquet"", ""Infil2-Thursday-01-03-2018_TrafficForML_CICFlowMeter.parquet"", ""Web1-Thursday-22-02-2018_TrafficForML_CICFlowMeter.parquet"", ""Web2-Friday-23-02-2018_TrafficForML_CICFlowMeter.parquet""]}]"
9,Fwd Packet Length Std,1,float,identical,double,All files use the same physical type.,"[{""physical_type"": ""float"", ""file_count"": 10, ""files"": [""Botnet-Friday-02-03-2018_TrafficForML_CICFlowMeter.parquet"", ""Bruteforce-Wednesday-14-02-2018_TrafficForML_CICFlowMeter.parquet"", ""DDoS1-Tuesday-20-02-2018_TrafficForML_CICFlowMeter.parquet"", ""DDoS2-Wednesday-21-02-2018_TrafficForML_CICFlowMeter.parquet"", ""DoS1-Thursday-15-02-2018_TrafficForML_CICFlowMeter.parquet"", ""DoS2-Friday-16-02-2018_TrafficForML_CICFlowMeter.parquet"", ""Infil1-Wednesday-28-02-2018_TrafficForML_CICFlowMeter.parquet"", ""Infil2-Thursday-01-03-2018_TrafficForML_CICFlowMeter.parquet"", ""Web1-Thursday-22-02-2018_TrafficForML_CICFlowMeter.parquet"", ""Web2-Friday-23-02-2018_TrafficForML_CICFlowMeter.parquet""]}]"
10,Bwd Packet Length Max,2,int16 | int32,safe_numeric_widening,int64,Integer-width differences can be safely promoted to int64.,"[{""physical_type"": ""int16"", ""file_count"": 9, ""files"": [""Botnet-Friday-02-03-2018_TrafficForML_CICFlowMeter.parquet"", ""Bruteforce-Wednesday-14-02-2018_TrafficForML_CICFlowMeter.parquet"", ""DDoS1-Tuesday-20-02-2018_TrafficForML_CICFlowMeter.parquet"", ""DDoS2-Wednesday-21-02-2018_TrafficForML_CICFlowMeter.parquet"", ""DoS1-Thursday-15-02-2018_TrafficForML_CICFlowMeter.parquet"", ""DoS2-Friday-16-02-2018_TrafficForML_CICFlowMeter.parquet"", ""Infil1-Wednesday-28-02-2018_TrafficForML_CICFlowMeter.parquet"", ""Web1-Thursday-22-02-2018_TrafficForML_CICFlowMeter.parquet"", ""Web2-Friday-23-02-2018_TrafficForML_CICFlowMeter.parquet""]}, {""physical_type"": ""int32"", ""file_count"": 1, ""files"": [""Infil2-Thursday-01-03-2018_TrafficForML_CICFlowMeter.parquet""]}]"
11,Bwd Packet Length Min,1,int16,identical,int64,All files use the same physical type.,"[{""physical_type"": ""int16"", ""file_count"": 10, ""files"": [""Botnet-Friday-02-03-2018_TrafficForML_CICFlowMeter.parquet"", ""Bruteforce-Wednesday-14-02-2018_TrafficForML_CICFlowMeter.parquet"", ""DDoS1-Tuesday-20-02-2018_TrafficForML_CICFlowMeter.parquet"", ""DDoS2-Wednesday-21-02-2018_TrafficForML_CICFlowMeter.parquet"", ""DoS1-Thursday-15-02-2018_TrafficForML_CICFlowMeter.parquet"", ""DoS2-Friday-16-02-2018_TrafficForML_CICFlowMeter.parquet"", ""Infil1-Wednesday-28-02-2018_TrafficForML_CICFlowMeter.parquet"", ""Infil2-Thursday-01-03-2018_TrafficForML_CICFlowMeter.parquet"", ""Web1-Thursday-22-02-2018_TrafficForML_CICFlowMeter.parquet"", ""Web2-Friday-23-02-2018_TrafficForML_CICFlowMeter.parquet""]}]"
12,Bwd Packet Length Mean,1,float,identical,double,All files use the same physical type.,"[{""physical_type"": ""float"", ""file_count"": 10, ""files"": [""Botnet-Friday-02-03-2018_TrafficForML_CICFlowMeter.parquet"", ""Bruteforce-Wednesday-14-02-2018_TrafficForML_CICFlowMeter.parquet"", ""DDoS1-Tuesday-20-02-2018_TrafficForML_CICFlowMeter.parquet"", ""DDoS2-Wednesday-21-02-2018_TrafficForML_CICFlowMeter.parquet"", ""DoS1-Thursday-15-02-2018_TrafficForML_CICFlowMeter.parquet"", ""DoS2-Friday-16-02-2018_TrafficForML_CICFlowMeter.parquet"", ""Infil1-Wednesday-28-02-2018_TrafficForML_CICFlowMeter.parquet"", ""Infil2-Thursday-01-03-2018_TrafficForML_CICFlowMeter.parquet"", ""Web1-Thursday-22-02-2018_TrafficForML_CICFlowMeter.parquet"", ""Web2-Friday-23-02-2018_TrafficForML_CICFlowMeter.parquet""]}]"
13,Bwd Packet Length Std,1,float,identical,double,All files use the same physical type.,"[{""physical_type"": ""float"", ""file_count"": 10, ""files"": [""Botnet-Friday-02-03-2018_TrafficForML_CICFlowMeter.parquet"", ""Bruteforce-Wednesday-14-02-2018_TrafficForML_CICFlowMeter.parquet"", ""DDoS1-Tuesday-20-02-2018_TrafficForML_CICFlowMeter.parquet"", ""DDoS2-Wednesday-21-02-2018_TrafficForML_CICFlowMeter.parquet"", ""DoS1-Thursday-15-02-2018_TrafficForML_CICFlowMeter.parquet"", ""DoS2-Friday-16-02-2018_TrafficForML_CICFlowMeter.parquet"", ""Infil1-Wednesday-28-02-2018_TrafficForML_CICFlowMeter.parquet"", ""Infil2-Thursday-01-03-2018_TrafficForML_CICFlowMeter.parquet"", ""Web1-Thursday-22-02-2018_TrafficForML_CICFlowMeter.parquet"", ""Web2-Friday-23-02-2018_TrafficForML_CICFlowMeter.parquet""]}]"
14,Flow Bytes/s,2,double | float,safe_numeric_promotion,double,Mixed numeric types can be safely promoted to float64.,"[{""physical_type"": ""double"", ""file_count"": 8, ""files"": [""Botnet-Friday-02-03-2018_TrafficForML_CICFlowMeter.parquet"", ""Bruteforce-Wednesday-14-02-2018_TrafficForML_CICFlowMeter.parquet"", ""DDoS1-Tuesday-20-02-2018_TrafficForML_CICFlowMeter.parquet"", ""DoS1-Thursday-15-02-2018_TrafficForML_CICFlowMeter.parquet"", ""Infil1-Wednesday-28-02-2018_TrafficForML_CICFlowMeter.parquet"", ""Infil2-Thursday-01-03-2018_TrafficForML_CICFlowMeter.parquet"", ""Web1-Thursday-22-02-2018_TrafficForML_CICFlowMeter.parquet"", ""Web2-Friday-23-02-2018_TrafficForML_CICFlowMeter.parquet""]}, {""physical_type"": ""float"", ""file_count"": 2, ""files"": [""DDoS2-Wednesday-21-02-2018_TrafficForML_CICFlowMeter.parquet"", ""DoS2-Friday-16-02-2018_TrafficForML_CICFlowMeter.parquet""]}]"
15,Flow Packets/s,2,double | float,safe_numeric_promotion,double,Mixed numeric types can be safely promoted to float64.,"[{""physical_type"": ""double"", ""file_count"": 8, ""files"": [""Botnet-Friday-02-03-2018_TrafficForML_CICFlowMeter.parquet"", ""Bruteforce-Wednesday-14-02-2018_TrafficForML_CICFlowMeter.parquet"", ""DDoS1-Tuesday-20-02-2018_TrafficForML_CICFlowMeter.parquet"", ""DoS1-Thursday-15-02-2018_TrafficForML_CICFlowMeter.parquet"", ""Infil1-Wednesday-28-02-2018_TrafficForML_CICFlowMeter.parquet"", ""Infil2-Thursday-01-03-2018_TrafficForML_CICFlowMeter.parquet"", ""Web1-Thursday-22-02-2018_TrafficForML_CICFlowMeter.parquet"", ""Web2-Friday-23-02-2018_TrafficForML_CICFlowMeter.parquet""]}, {""physical_type"": ""float"", ""file_count"": 2, ""files"": [""DDoS2-Wednesday-21-02-2018_TrafficForML_CICFlowMeter.parquet"", ""DoS2-Friday-16-02-2018_TrafficForML_CICFlowMeter.parquet""]}]"
16,Flow IAT Mean,1,float,identical,double,All files use the same physical type.,"[{""physical_type"": ""float"", ""file_count"": 10, ""files"": [""Botnet-Friday-02-03-2018_TrafficForML_CICFlowMeter.parquet"", ""Bruteforce-Wednesday-14-02-2018_TrafficForML_CICFlowMeter.parquet"", ""DDoS1-Tuesday-20-02-2018_TrafficForML_CICFlowMeter.parquet"", ""DDoS2-Wednesday-21-02-2018_TrafficForML_CICFlowMeter.parquet"", ""DoS1-Thursday-15-02-2018_TrafficForML_CICFlowMeter.parquet"", ""DoS2-Friday-16-02-2018_TrafficForML_CICFlowMeter.parquet"", ""Infil1-Wednesday-28-02-2018_TrafficForML_CICFlowMeter.parquet"", ""Infil2-Thursday-01-03-2018_TrafficForML_CICFlowMeter.parquet"", ""Web1-Thursday-22-02-2018_TrafficForML_CICFlowMeter.parquet"", ""Web2-Friday-23-02-2018_TrafficForML_CICFlowMeter.parquet""]}]"
17,Flow IAT Std,1,float,identical,double,All files use the same physical type.,"[{""physical_type"": ""float"", ""file_count"": 10, ""files"": [""Botnet-Friday-02-03-2018_TrafficForML_CICFlowMeter.parquet"", ""Bruteforce-Wednesday-14-02-2018_TrafficForML_CICFlowMeter.parquet"", ""DDoS1-Tuesday-20-02-2018_TrafficForML_CICFlowMeter.parquet"", ""DDoS2-Wednesday-21-02-2018_TrafficForML_CICFlowMeter.parquet"", ""DoS1-Thursday-15-02-2018_TrafficForML_CICFlowMeter.parquet"", ""DoS2-Friday-16-02-2018_TrafficForML_CICFlowMeter.parquet"", ""Infil1-Wednesday-28-02-2018_TrafficForML_CICFlowMeter.parquet"", ""Infil2-Thursday-01-03-2018_TrafficForML_CICFlowMeter.parquet"", ""Web1-Thursday-22-02-2018_TrafficForML_CICFlowMeter.parquet"", ""Web2-Friday-23-02-2018_TrafficForML_CICFlowMeter.parquet""]}]"
18,Flow IAT Max,3,float | int32 | int64,safe_numeric_promotion,double,Mixed numeric types can be safely promoted to float64.,"[{""physical_type"": ""float"", ""file_count"": 1, ""files"": [""Botnet-Friday-02-03-2018_TrafficForML_CICFlowMeter.parquet""]}, {""physical_type"": ""int32"", ""file_count"": 7, ""files"": [""DDoS1-Tuesday-20-02-2018_TrafficForML_CICFlowMeter.parquet"", ""DDoS2-Wednesday-21-02-2018_TrafficForML_CICFlowMeter.parquet"", ""DoS1-Thursday-15-02-2018_TrafficForML_CICFlowMeter.parquet"", ""DoS2-Friday-16-02-2018_TrafficForML_CICFlowMeter.parquet"", ""Infil1-Wednesday-28-02-2018_TrafficForML_CICFlowMeter.parquet"", ""Infil2-Thursday-01-03-2018_TrafficForML_CICFlowMeter.parquet"", ""Web2-Friday-23-02-2018_TrafficForML_CICFlowMeter.parquet""]}, {""physical_type"": ""int64"", ""file_count"": 2, ""files"": [""Bruteforce-Wednesday-14-02-2018_TrafficForML_CICFlowMeter.parquet"", ""Web1-Thursday-22-02-2018_TrafficForML_CICFlowMeter.parquet""]}]"
19,Flow IAT Min,3,float | int32 | int64,safe_numeric_promotion,double,Mixed numeric types can be safely promoted to float64.,"[{""physical_type"": ""float"", ""file_count"": 1, ""files"": [""Botnet-Friday-02-03-2018_TrafficForML_CICFlowMeter.parquet""]}, {""physical_type"": ""int32"", ""file_count"": 7, ""files"": [""DDoS1-Tuesday-20-02-2018_TrafficForML_CICFlowMeter.parquet"", ""DDoS2-Wednesday-21-02-2018_TrafficForML_CICFlowMeter.parquet"", ""DoS1-Thursday-15-02-2018_TrafficForML_CICFlowMeter.parquet"", ""DoS2-Friday-16-02-2018_TrafficForML_CICFlowMeter.parquet"", ""Infil1-Wednesday-28-02-2018_TrafficForML_CICFlowMeter.parquet"", ""Infil2-Thursday-01-03-2018_TrafficForML_CICFlowMeter.parquet"", ""Web2-Friday-23-02-2018_TrafficForML_CICFlowMeter.parquet""]}, {""physical_type"": ""int64"", ""file_count"": 2, ""files"": [""Bruteforce-Wednesday-14-02-2018_TrafficForML_CICFlowMeter.parquet"", ""Web1-Thursday-22-02-2018_TrafficForML_CICFlowMeter.parquet""]}]"
20,Fwd IAT Total,3,float | int32 | int64,safe_numeric_promotion,double,Mixed numeric types can be safely promoted to float64.,"[{""physical_type"": ""float"", ""file_count"": 1, ""files"": [""Botnet-Friday-02-03-2018_TrafficForML_CICFlowMeter.parquet""]}, {""physical_type"": ""int32"", ""file_count"": 7, ""files"": [""DDoS1-Tuesday-20-02-2018_TrafficForML_CICFlowMeter.parquet"", ""DDoS2-Wednesday-21-02-2018_TrafficForML_CICFlowMeter.parquet"", ""DoS1-Thursday-15-02-2018_TrafficForML_CICFlowMeter.parquet"", ""DoS2-Friday-16-02-2018_TrafficForML_CICFlowMeter.parquet"", ""Infil1-Wednesday-28-02-2018_TrafficForML_CICFlowMeter.parquet"", ""Infil2-Thursday-01-03-2018_TrafficForML_CICFlowMeter.parquet"", ""Web2-Friday-23-02-2018_TrafficForML_CICFlowMeter.parquet""]}, {""physical_type"": ""int64"", ""file_count"": 2, ""files"": [""Bruteforce-Wednesday-14-02-2018_TrafficForML_CICFlowMeter.parquet"", ""Web1-Thursday-22-02-2018_TrafficForML_CICFlowMeter.parquet""]}]"
21,Fwd IAT Mean,1,float,identical,double,All files use the same physical type.,"[{""physical_type"": ""float"", ""file_count"": 10, ""files"": [""Botnet-Friday-02-03-2018_TrafficForML_CICFlowMeter.parquet"", ""Bruteforce-Wednesday-14-02-2018_TrafficForML_CICFlowMeter.parquet"", ""DDoS1-Tuesday-20-02-2018_TrafficForML_CICFlowMeter.parquet"", ""DDoS2-Wednesday-21-02-2018_TrafficForML_CICFlowMeter.parquet"", ""DoS1-Thursday-15-02-2018_TrafficForML_CICFlowMeter.parquet"", ""DoS2-Friday-16-02-2018_TrafficForML_CICFlowMeter.parquet"", ""Infil1-Wednesday-28-02-2018_TrafficForML_CICFlowMeter.parquet"", ""Infil2-Thursday-01-03-2018_TrafficForML_CICFlowMeter.parquet"", ""Web1-Thursday-22-02-2018_TrafficForML_CICFlowMeter.parquet"", ""Web2-Friday-23-02-2018_TrafficForML_CICFlowMeter.parquet""]}]"
22,Fwd IAT Std,1,float,identical,double,All files use the same physical type.,"[{""physical_type"": ""float"", ""file_count"": 10, ""files"": [""Botnet-Friday-02-03-2018_TrafficForML_CICFlowMeter.parquet"", ""Bruteforce-Wednesday-14-02-2018_TrafficForML_CICFlowMeter.parquet"", ""DDoS1-Tuesday-20-02-2018_TrafficForML_CICFlowMeter.parquet"", ""DDoS2-Wednesday-21-02-2018_TrafficForML_CICFlowMeter.parquet"", ""DoS1-Thursday-15-02-2018_TrafficForML_CICFlowMeter.parquet"", ""DoS2-Friday-16-02-2018_TrafficForML_CICFlowMeter.parquet"", ""Infil1-Wednesday-28-02-2018_TrafficForML_CICFlowMeter.parquet"", ""Infil2-Thursday-01-03-2018_TrafficForML_CICFlowMeter.parquet"", ""Web1-Thursday-22-02-2018_TrafficForML_CICFlowMeter.parquet"", ""Web2-Friday-23-02-2018_TrafficForML_CICFlowMeter.parquet""]}]"
23,Fwd IAT Max,3,float | int32 | int64,safe_numeric_promotion,double,Mixed numeric types can be safely promoted to float64.,"[{""physical_type"": ""float"", ""file_count"": 1, ""files"": [""Botnet-Friday-02-03-2018_TrafficForML_CICFlowMeter.parquet""]}, {""physical_type"": ""int32"", ""file_count"": 7, ""files"": [""DDoS1-Tuesday-20-02-2018_TrafficForML_CICFlowMeter.parquet"", ""DDoS2-Wednesday-21-02-2018_TrafficForML_CICFlowMeter.parquet"", ""DoS1-Thursday-15-02-2018_TrafficForML_CICFlowMeter.parquet"", ""DoS2-Friday-16-02-2018_TrafficForML_CICFlowMeter.parquet"", ""Infil1-Wednesday-28-02-2018_TrafficForML_CICFlowMeter.parquet"", ""Infil2-Thursday-01-03-2018_TrafficForML_CICFlowMeter.parquet"", ""Web2-Friday-23-02-2018_TrafficForML_CICFlowMeter.parquet""]}, {""physical_type"": ""int64"", ""file_count"": 2, ""files"": [""Bruteforce-Wednesday-14-02-2018_TrafficForML_CICFlowMeter.parquet"", ""Web1-Thursday-22-02-2018_TrafficForML_CICFlowMeter.parquet""]}]"
24,Fwd IAT Min,3,float | int32 | int64,safe_numeric_promotion,double,Mixed numeric types can be safely promoted to float64.,"[{""physical_type"": ""float"", ""file_count"": 1, ""files"": [""Botnet-Friday-02-03-2018_TrafficForML_CICFlowMeter.parquet""]}, {""physical_type"": ""int32"", ""file_count"": 7, ""files"": [""DDoS1-Tuesday-20-02-2018_TrafficForML_CICFlowMeter.parquet"", ""DDoS2-Wednesday-21-02-2018_TrafficForML_CICFlowMeter.parquet"", ""DoS1-Thursday-15-02-2018_TrafficForML_CICFlowMeter.parquet"", ""DoS2-Friday-16-02-2018_TrafficForML_CICFlowMeter.parquet"", ""Infil1-Wednesday-28-02-2018_TrafficForML_CICFlowMeter.parquet"", ""Infil2-Thursday-01-03-2018_TrafficForML_CICFlowMeter.parquet"", ""Web2-Friday-23-02-2018_TrafficForML_CICFlowMeter.parquet""]}, {""physical_type"": ""int64"", ""file_count"": 2, ""files"": [""Bruteforce-Wednesday-14-02-2018_TrafficForML_CICFlowMeter.parquet"", ""Web1-Thursday-22-02-2018_TrafficForML_CICFlowMeter.parquet""]}]"
25,Bwd IAT Total,2,float | int32,safe_numeric_promotion,double,Mixed numeric types can be safely promoted to float64.,"[{""physical_type"": ""float"", ""file_count"": 1, ""files"": [""Botnet-Friday-02-03-2018_TrafficForML_CICFlowMeter.parquet""]}, {""physical_type"": ""int32"", ""file_count"": 9, ""files"": [""Bruteforce-Wednesday-14-02-2018_TrafficForML_CICFlowMeter.parquet"", ""DDoS1-Tuesday-20-02-2018_TrafficForML_CICFlowMeter.parquet"", ""DDoS2-Wednesday-21-02-2018_TrafficForML_CICFlowMeter.parquet"", ""DoS1-Thursday-15-02-2018_TrafficForML_CICFlowMeter.parquet"", ""DoS2-Friday-16-02-2018_TrafficForML_CICFlowMeter.parquet"", ""Infil1-Wednesday-28-02-2018_TrafficForML_CICFlowMeter.parquet"", ""Infil2-Thursday-01-03-2018_TrafficForML_CICFlowMeter.parquet"", ""Web1-Thursday-22-02-2018_TrafficForML_CICFlowMeter.parquet"", ""Web2-Friday-23-02-2018_TrafficForML_CICFlowMeter.parquet""]}]"
26,Bwd IAT Mean,1,float,identical,double,All files use the same physical type.,"[{""physical_type"": ""float"", ""file_count"": 10, ""files"": [""Botnet-Friday-02-03-2018_TrafficForML_CICFlowMeter.parquet"", ""Bruteforce-Wednesday-14-02-2018_TrafficForML_CICFlowMeter.parquet"", ""DDoS1-Tuesday-20-02-2018_TrafficForML_CICFlowMeter.parquet"", ""DDoS2-Wednesday-21-02-2018_TrafficForML_CICFlowMeter.parquet"", ""DoS1-Thursday-15-02-2018_TrafficForML_CICFlowMeter.parquet"", ""DoS2-Friday-16-02-2018_TrafficForML_CICFlowMeter.parquet"", ""Infil1-Wednesday-28-02-2018_TrafficForML_CICFlowMeter.parquet"", ""Infil2-Thursday-01-03-2018_TrafficForML_CICFlowMeter.parquet"", ""Web1-Thursday-22-02-2018_TrafficForML_CICFlowMeter.parquet"", ""Web2-Friday-23-02-2018_TrafficForML_CICFlowMeter.parquet""]}]"
27,Bwd IAT Std,1,float,identical,double,All files use the same physical type.,"[{""physical_type"": ""float"", ""file_count"": 10, ""files"": [""Botnet-Friday-02-03-2018_TrafficForML_CICFlowMeter.parquet"", ""Bruteforce-Wednesday-14-02-2018_TrafficForML_CICFlowMeter.parquet"", ""DDoS1-Tuesday-20-02-2018_TrafficForML_CICFlowMeter.parquet"", ""DDoS2-Wednesday-21-02-2018_TrafficForML_CICFlowMeter.parquet"", ""DoS1-Thursday-15-02-2018_TrafficForML_CICFlowMeter.parquet"", ""DoS2-Friday-16-02-2018_TrafficForML_CICFlowMeter.parquet"", ""Infil1-Wednesday-28-02-2018_TrafficForML_CICFlowMeter.parquet"", ""Infil2-Thursday-01-03-2018_TrafficForML_CICFlowMeter.parquet"", ""Web1-Thursday-22-02-2018_TrafficForML_CICFlowMeter.parquet"", ""Web2-Friday-23-02-2018_TrafficForML_CICFlowMeter.parquet""]}]"
28,Bwd IAT Max,2,float | int32,safe_numeric_promotion,double,Mixed numeric types can be safely promoted to float64.,"[{""physical_type"": ""float"", ""file_count"": 1, ""files"": [""Botnet-Friday-02-03-2018_TrafficForML_CICFlowMeter.parquet""]}, {""physical_type"": ""int32"", ""file_count"": 9, ""files"": [""Bruteforce-Wednesday-14-02-2018_TrafficForML_CICFlowMeter.parquet"", ""DDoS1-Tuesday-20-02-2018_TrafficForML_CICFlowMeter.parquet"", ""DDoS2-Wednesday-21-02-2018_TrafficForML_CICFlowMeter.parquet"", ""DoS1-Thursday-15-02-2018_TrafficForML_CICFlowMeter.parquet"", ""DoS2-Friday-16-02-2018_TrafficForML_CICFlowMeter.parquet"", ""Infil1-Wednesday-28-02-2018_TrafficForML_CICFlowMeter.parquet"", ""Infil2-Thursday-01-03-2018_TrafficForML_CICFlowMeter.parquet"", ""Web1-Thursday-22-02-2018_TrafficForML_CICFlowMeter.parquet"", ""Web2-Friday-23-02-2018_TrafficForML_CICFlowMeter.parquet""]}]"
29,Bwd IAT Min,2,float | int32,safe_numeric_promotion,double,Mixed numeric types can be safely promoted to float64.,"[{""physical_type"": ""float"", ""file_count"": 1, ""files"": [""Botnet-Friday-02-03-2018_TrafficForML_CICFlowMeter.parquet""]}, {""physical_type"": ""int32"", ""file_count"": 9, ""files"": [""Bruteforce-Wednesday-14-02-2018_TrafficForML_CICFlowMeter.parquet"", ""DDoS1-Tuesday-20-02-2018_TrafficForML_CICFlowMeter.parquet"", ""DDoS2-Wednesday-21-02-2018_TrafficForML_CICFlowMeter.parquet"", ""DoS1-Thursday-15-02-2018_TrafficForML_CICFlowMeter.parquet"", ""DoS2-Friday-16-02-2018_TrafficForML_CICFlowMeter.parquet"", ""Infil1-Wednesday-28-02-2018_TrafficForML_CICFlowMeter.parquet"", ""Infil2-Thursday-01-03-2018_TrafficForML_CICFlowMeter.parquet"", ""Web1-Thursday-22-02-2018_TrafficForML_CICFlowMeter.parquet"", ""Web2-Friday-23-02-2018_TrafficForML_CICFlowMeter.parquet""]}]"
30,Fwd PSH Flags,1,int8,identical,int64,All files use the same physical type.,"[{""physical_type"": ""int8"", ""file_count"": 10, ""files"": [""Botnet-Friday-02-03-2018_TrafficForML_CICFlowMeter.parquet"", ""Bruteforce-Wednesday-14-02-2018_TrafficForML_CICFlowMeter.parquet"", ""DDoS1-Tuesday-20-02-2018_TrafficForML_CICFlowMeter.parquet"", ""DDoS2-Wednesday-21-02-2018_TrafficForML_CICFlowMeter.parquet"", ""DoS1-Thursday-15-02-2018_TrafficForML_CICFlowMeter.parquet"", ""DoS2-Friday-16-02-2018_TrafficForML_CICFlowMeter.parquet"", ""Infil1-Wednesday-28-02-2018_TrafficForML_CICFlowMeter.parquet"", ""Infil2-Thursday-01-03-2018_TrafficForML_CICFlowMeter.parquet"", ""Web1-Thursday-22-02-2018_TrafficForML_CICFlowMeter.parquet"", ""Web2-Friday-23-02-2018_TrafficForML_CICFlowMeter.parquet""]}]"
31,Bwd PSH Flags,1,int8,identical,int64,All files use the same physical type.,"[{""physical_type"": ""int8"", ""file_count"": 10, ""files"": [""Botnet-Friday-02-03-2018_TrafficForML_CICFlowMeter.parquet"", ""Bruteforce-Wednesday-14-02-2018_TrafficForML_CICFlowMeter.parquet"", ""DDoS1-Tuesday-20-02-2018_TrafficForML_CICFlowMeter.parquet"", ""DDoS2-Wednesday-21-02-2018_TrafficForML_CICFlowMeter.parquet"", ""DoS1-Thursday-15-02-2018_TrafficForML_CICFlowMeter.parquet"", ""DoS2-Friday-16-02-2018_TrafficForML_CICFlowMeter.parquet"", ""Infil1-Wednesday-28-02-2018_TrafficForML_CICFlowMeter.parquet"", ""Infil2-Thursday-01-03-2018_TrafficForML_CICFlowMeter.parquet"", ""Web1-Thursday-22-02-2018_TrafficForML_CICFlowMeter.parquet"", ""Web2-Friday-23-02-2018_TrafficForML_CICFlowMeter.parquet""]}]"
32,Fwd URG Flags,1,int8,identical,int64,All files use the same physical type.,"[{""physical_type"": ""int8"", ""file_count"": 10, ""files"": [""Botnet-Friday-02-03-2018_TrafficForML_CICFlowMeter.parquet"", ""Bruteforce-Wednesday-14-02-2018_TrafficForML_CICFlowMeter.parquet"", ""DDoS1-Tuesday-20-02-2018_TrafficForML_CICFlowMeter.parquet"", ""DDoS2-Wednesday-21-02-2018_TrafficForML_CICFlowMeter.parquet"", ""DoS1-Thursday-15-02-2018_TrafficForML_CICFlowMeter.parquet"", ""DoS2-Friday-16-02-2018_TrafficForML_CICFlowMeter.parquet"", ""Infil1-Wednesday-28-02-2018_TrafficForML_CICFlowMeter.parquet"", ""Infil2-Thursday-01-03-2018_TrafficForML_CICFlowMeter.parquet"", ""Web1-Thursday-22-02-2018_TrafficForML_CICFlowMeter.parquet"", ""Web2-Friday-23-02-2018_TrafficForML_CICFlowMeter.parquet""]}]"
33,Bwd URG Flags,1,int8,identical,int64,All files use the same physical type.,"[{""physical_type"": ""int8"", ""file_count"": 10, ""files"": [""Botnet-Friday-02-03-2018_TrafficForML_CICFlowMeter.parquet"", ""Bruteforce-Wednesday-14-02-2018_TrafficForML_CICFlowMeter.parquet"", ""DDoS1-Tuesday-20-02-2018_TrafficForML_CICFlowMeter.parquet"", ""DDoS2-Wednesday-21-02-2018_TrafficForML_CICFlowMeter.parquet"", ""DoS1-Thursday-15-02-2018_TrafficForML_CICFlowMeter.parquet"", ""DoS2-Friday-16-02-2018_TrafficForML_CICFlowMeter.parquet"", ""Infil1-Wednesday-28-02-2018_TrafficForML_CICFlowMeter.parquet"", ""Infil2-Thursday-01-03-2018_TrafficForML_CICFlowMeter.parquet"", ""Web1-Thursday-22-02-2018_TrafficForML_CICFlowMeter.parquet"", ""Web2-Friday-23-02-2018_TrafficForML_CICFlowMeter.parquet""]}]"
34,Fwd Header Length,2,int16 | int32,safe_numeric_widening,int64,Integer-width differences can be safely promoted to int64.,"[{""physical_type"": ""int16"", ""file_count"": 1, ""files"": [""DoS2-Friday-16-02-2018_TrafficForML_CICFlowMeter.parquet""]}, {""physical_type"": ""int32"", ""file_count"": 9, ""files"": [""Botnet-Friday-02-03-2018_TrafficForML_CICFlowMeter.parquet"", ""Bruteforce-Wednesday-14-02-2018_TrafficForML_CICFlowMeter.parquet"", ""DDoS1-Tuesday-20-02-2018_TrafficForML_CICFlowMeter.parquet"", ""DDoS2-Wednesday-21-02-2018_TrafficForML_CICFlowMeter.parquet"", ""DoS1-Thursday-15-02-2018_TrafficForML_CICFlowMeter.parquet"", ""Infil1-Wednesday-28-02-2018_TrafficForML_CICFlowMeter.parquet"", ""Infil2-Thursday-01-03-2018_TrafficForML_CICFlowMeter.parquet"", ""Web1-Thursday-22-02-2018_TrafficForML_CICFlowMeter.parquet"", ""Web2-Friday-23-02-2018_TrafficForML_CICFlowMeter.parquet""]}]"
35,Bwd Header Length,2,int16 | int32,safe_numeric_widening,int64,Integer-width differences can be safely promoted to int64.,"[{""physical_type"": ""int16"", ""file_count"": 2, ""files"": [""DDoS2-Wednesday-21-02-2018_TrafficForML_CICFlowMeter.parquet"", ""DoS2-Friday-16-02-2018_TrafficForML_CICFlowMeter.parquet""]}, {""physical_type"": ""int32"", ""file_count"": 8, ""files"": [""Botnet-Friday-02-03-2018_TrafficForML_CICFlowMeter.parquet"", ""Bruteforce-Wednesday-14-02-2018_TrafficForML_CICFlowMeter.parquet"", ""DDoS1-Tuesday-20-02-2018_TrafficForML_CICFlowMeter.parquet"", ""DoS1-Thursday-15-02-2018_TrafficForML_CICFlowMeter.parquet"", ""Infil1-Wednesday-28-02-2018_TrafficForML_CICFlowMeter.parquet"", ""Infil2-Thursday-01-03-2018_TrafficForML_CICFlowMeter.parquet"", ""Web1-Thursday-22-02-2018_TrafficForML_CICFlowMeter.parquet"", ""Web2-Friday-23-02-2018_TrafficForML_CICFlowMeter.parquet""]}]"
36,Fwd Packets/s,1,float,identical,double,All files use the same physical type.,"[{""physical_type"": ""float"", ""file_count"": 10, ""files"": [""Botnet-Friday-02-03-2018_TrafficForML_CICFlowMeter.parquet"", ""Bruteforce-Wednesday-14-02-2018_TrafficForML_CICFlowMeter.parquet"", ""DDoS1-Tuesday-20-02-2018_TrafficForML_CICFlowMeter.parquet"", ""DDoS2-Wednesday-21-02-2018_TrafficForML_CICFlowMeter.parquet"", ""DoS1-Thursday-15-02-2018_TrafficForML_CICFlowMeter.parquet"", ""DoS2-Friday-16-02-2018_TrafficForML_CICFlowMeter.parquet"", ""Infil1-Wednesday-28-02-2018_TrafficForML_CICFlowMeter.parquet"", ""Infil2-Thursday-01-03-2018_TrafficForML_CICFlowMeter.parquet"", ""Web1-Thursday-22-02-2018_TrafficForML_CICFlowMeter.parquet"", ""Web2-Friday-23-02-2018_TrafficForML_CICFlowMeter.parquet""]}]"
37,Bwd Packets/s,1,float,identical,double,All files use the same physical type.,"[{""physical_type"": ""float"", ""file_count"": 10, ""files"": [""Botnet-Friday-02-03-2018_TrafficForML_CICFlowMeter.parquet"", ""Bruteforce-Wednesday-14-02-2018_TrafficForML_CICFlowMeter.parquet"", ""DDoS1-Tuesday-20-02-2018_TrafficForML_CICFlowMeter.parquet"", ""DDoS2-Wednesday-21-02-2018_TrafficForML_CICFlowMeter.parquet"", ""DoS1-Thursday-15-02-2018_TrafficForML_CICFlowMeter.parquet"", ""DoS2-Friday-16-02-2018_TrafficForML_CICFlowMeter.parquet"", ""Infil1-Wednesday-28-02-2018_TrafficForML_CICFlowMeter.parquet"", ""Infil2-Thursday-01-03-2018_TrafficForML_CICFlowMeter.parquet"", ""Web1-Thursday-22-02-2018_TrafficForML_CICFlowMeter.parquet"", ""Web2-Friday-23-02-2018_TrafficForML_CICFlowMeter.parquet""]}]"
38,Packet Length Min,1,int16,identical,int64,All files use the same physical type.,"[{""physical_type"": ""int16"", ""file_count"": 10, ""files"": [""Botnet-Friday-02-03-2018_TrafficForML_CICFlowMeter.parquet"", ""Bruteforce-Wednesday-14-02-2018_TrafficForML_CICFlowMeter.parquet"", ""DDoS1-Tuesday-20-02-2018_TrafficForML_CICFlowMeter.parquet"", ""DDoS2-Wednesday-21-02-2018_TrafficForML_CICFlowMeter.parquet"", ""DoS1-Thursday-15-02-2018_TrafficForML_CICFlowMeter.parquet"", ""DoS2-Friday-16-02-2018_TrafficForML_CICFlowMeter.parquet"", ""Infil1-Wednesday-28-02-2018_TrafficForML_CICFlowMeter.parquet"", ""Infil2-Thursday-01-03-2018_TrafficForML_CICFlowMeter.parquet"", ""Web1-Thursday-22-02-2018_TrafficForML_CICFlowMeter.parquet"", ""Web2-Friday-23-02-2018_TrafficForML_CICFlowMeter.parquet""]}]"
39,Packet Length Max,2,int16 | int32,safe_numeric_widening,int64,Integer-width differences can be safely promoted to int64.,"[{""physical_type"": ""int16"", ""file_count"": 7, ""files"": [""Botnet-Friday-02-03-2018_TrafficForML_CICFlowMeter.parquet"", ""DDoS1-Tuesday-20-02-2018_TrafficForML_CICFlowMeter.parquet"", ""DDoS2-Wednesday-21-02-2018_TrafficForML_CICFlowMeter.parquet"", ""DoS2-Friday-16-02-2018_TrafficForML_CICFlowMeter.parquet"", ""Infil1-Wednesday-28-02-2018_TrafficForML_CICFlowMeter.parquet"", ""Web1-Thursday-22-02-2018_TrafficForML_CICFlowMeter.parquet"", ""Web2-Friday-23-02-2018_TrafficForML_CICFlowMeter.parquet""]}, {""physical_type"": ""int32"", ""file_count"": 3, ""files"": [""Bruteforce-Wednesday-14-02-2018_TrafficForML_CICFlowMeter.parquet"", ""DoS1-Thursday-15-02-2018_TrafficForML_CICFlowMeter.parquet"", ""Infil2-Thursday-01-03-2018_TrafficForML_CICFlowMeter.parquet""]}]"
40,Packet Length Mean,1,float,identical,double,All files use the same physical type.,"[{""physical_type"": ""float"", ""file_count"": 10, ""files"": [""Botnet-Friday-02-03-2018_TrafficForML_CICFlowMeter.parquet"", ""Bruteforce-Wednesday-14-02-2018_TrafficForML_CICFlowMeter.parquet"", ""DDoS1-Tuesday-20-02-2018_TrafficForML_CICFlowMeter.parquet"", ""DDoS2-Wednesday-21-02-2018_TrafficForML_CICFlowMeter.parquet"", ""DoS1-Thursday-15-02-2018_TrafficForML_CICFlowMeter.parquet"", ""DoS2-Friday-16-02-2018_TrafficForML_CICFlowMeter.parquet"", ""Infil1-Wednesday-28-02-2018_TrafficForML_CICFlowMeter.parquet"", ""Infil2-Thursday-01-03-2018_TrafficForML_CICFlowMeter.parquet"", ""Web1-Thursday-22-02-2018_TrafficForML_CICFlowMeter.parquet"", ""Web2-Friday-23-02-2018_TrafficForML_CICFlowMeter.parquet""]}]"
41,Packet Length Std,1,float,identical,double,All files use the same physical type.,"[{""physical_type"": ""float"", ""file_count"": 10, ""files"": [""Botnet-Friday-02-03-2018_TrafficForML_CICFlowMeter.parquet"", ""Bruteforce-Wednesday-14-02-2018_TrafficForML_CICFlowMeter.parquet"", ""DDoS1-Tuesday-20-02-2018_TrafficForML_CICFlowMeter.parquet"", ""DDoS2-Wednesday-21-02-2018_TrafficForML_CICFlowMeter.parquet"", ""DoS1-Thursday-15-02-2018_TrafficForML_CICFlowMeter.parquet"", ""DoS2-Friday-16-02-2018_TrafficForML_CICFlowMeter.parquet"", ""Infil1-Wednesday-28-02-2018_TrafficForML_CICFlowMeter.parquet"", ""Infil2-Thursday-01-03-2018_TrafficForML_CICFlowMeter.parquet"", ""Web1-Thursday-22-02-2018_TrafficForML_CICFlowMeter.parquet"", ""Web2-Friday-23-02-2018_TrafficForML_CICFlowMeter.parquet""]}]"
42,Packet Length Variance,1,float,identical,double,All files use the same physical type.,"[{""physical_type"": ""float"", ""file_count"": 10, ""files"": [""Botnet-Friday-02-03-2018_TrafficForML_CICFlowMeter.parquet"", ""Bruteforce-Wednesday-14-02-2018_TrafficForML_CICFlowMeter.parquet"", ""DDoS1-Tuesday-20-02-2018_TrafficForML_CICFlowMeter.parquet"", ""DDoS2-Wednesday-21-02-2018_TrafficForML_CICFlowMeter.parquet"", ""DoS1-Thursday-15-02-2018_TrafficForML_CICFlowMeter.parquet"", ""DoS2-Friday-16-02-2018_TrafficForML_CICFlowMeter.parquet"", ""Infil1-Wednesday-28-02-2018_TrafficForML_CICFlowMeter.parquet"", ""Infil2-Thursday-01-03-2018_TrafficForML_CICFlowMeter.parquet"", ""Web1-Thursday-22-02-2018_TrafficForML_CICFlowMeter.parquet"", ""Web2-Friday-23-02-2018_TrafficForML_CICFlowMeter.parquet""]}]"
43,FIN Flag Count,1,int8,identical,int64,All files use the same physical type.,"[{""physical_type"": ""int8"", ""file_count"": 10, ""files"": [""Botnet-Friday-02-03-2018_TrafficForML_CICFlowMeter.parquet"", ""Bruteforce-Wednesday-14-02-2018_TrafficForML_CICFlowMeter.parquet"", ""DDoS1-Tuesday-20-02-2018_TrafficForML_CICFlowMeter.parquet"", ""DDoS2-Wednesday-21-02-2018_TrafficForML_CICFlowMeter.parquet"", ""DoS1-Thursday-15-02-2018_TrafficForML_CICFlowMeter.parquet"", ""DoS2-Friday-16-02-2018_TrafficForML_CICFlowMeter.parquet"", ""Infil1-Wednesday-28-02-2018_TrafficForML_CICFlowMeter.parquet"", ""Infil2-Thursday-01-03-2018_TrafficForML_CICFlowMeter.parquet"", ""Web1-Thursday-22-02-2018_TrafficForML_CICFlowMeter.parquet"", ""Web2-Friday-23-02-2018_TrafficForML_CICFlowMeter.parquet""]}]"
44,SYN Flag Count,1,int8,identical,int64,All files use the same physical type.,"[{""physical_type"": ""int8"", ""file_count"": 10, ""files"": [""Botnet-Friday-02-03-2018_TrafficForML_CICFlowMeter.parquet"", ""Bruteforce-Wednesday-14-02-2018_TrafficForML_CICFlowMeter.parquet"", ""DDoS1-Tuesday-20-02-2018_TrafficForML_CICFlowMeter.parquet"", ""DDoS2-Wednesday-21-02-2018_TrafficForML_CICFlowMeter.parquet"", ""DoS1-Thursday-15-02-2018_TrafficForML_CICFlowMeter.parquet"", ""DoS2-Friday-16-02-2018_TrafficForML_CICFlowMeter.parquet"", ""Infil1-Wednesday-28-02-2018_TrafficForML_CICFlowMeter.parquet"", ""Infil2-Thursday-01-03-2018_TrafficForML_CICFlowMeter.parquet"", ""Web1-Thursday-22-02-2018_TrafficForML_CICFlowMeter.parquet"", ""Web2-Friday-23-02-2018_TrafficForML_CICFlowMeter.parquet""]}]"
45,RST Flag Count,1,int8,identical,int64,All files use the same physical type.,"[{""physical_type"": ""int8"", ""file_count"": 10, ""files"": [""Botnet-Friday-02-03-2018_TrafficForML_CICFlowMeter.parquet"", ""Bruteforce-Wednesday-14-02-2018_TrafficForML_CICFlowMeter.parquet"", ""DDoS1-Tuesday-20-02-2018_TrafficForML_CICFlowMeter.parquet"", ""DDoS2-Wednesday-21-02-2018_TrafficForML_CICFlowMeter.parquet"", ""DoS1-Thursday-15-02-2018_TrafficForML_CICFlowMeter.parquet"", ""DoS2-Friday-16-02-2018_TrafficForML_CICFlowMeter.parquet"", ""Infil1-Wednesday-28-02-2018_TrafficForML_CICFlowMeter.parquet"", ""Infil2-Thursday-01-03-2018_TrafficForML_CICFlowMeter.parquet"", ""Web1-Thursday-22-02-2018_TrafficForML_CICFlowMeter.parquet"", ""Web2-Friday-23-02-2018_TrafficForML_CICFlowMeter.parquet""]}]"
46,PSH Flag Count,1,int8,identical,int64,All files use the same physical type.,"[{""physical_type"": ""int8"", ""file_count"": 10, ""files"": [""Botnet-Friday-02-03-2018_TrafficForML_CICFlowMeter.parquet"", ""Bruteforce-Wednesday-14-02-2018_TrafficForML_CICFlowMeter.parquet"", ""DDoS1-Tuesday-20-02-2018_TrafficForML_CICFlowMeter.parquet"", ""DDoS2-Wednesday-21-02-2018_TrafficForML_CICFlowMeter.parquet"", ""DoS1-Thursday-15-02-2018_TrafficForML_CICFlowMeter.parquet"", ""DoS2-Friday-16-02-2018_TrafficForML_CICFlowMeter.parquet"", ""Infil1-Wednesday-28-02-2018_TrafficForML_CICFlowMeter.parquet"", ""Infil2-Thursday-01-03-2018_TrafficForML_CICFlowMeter.parquet"", ""Web1-Thursday-22-02-2018_TrafficForML_CICFlowMeter.parquet"", ""Web2-Friday-23-02-2018_TrafficForML_CICFlowMeter.parquet""]}]"
47,ACK Flag Count,1,int8,identical,int64,All files use the same physical type.,"[{""physical_type"": ""int8"", ""file_count"": 10, ""files"": [""Botnet-Friday-02-03-2018_TrafficForML_CICFlowMeter.parquet"", ""Bruteforce-Wednesday-14-02-2018_TrafficForML_CICFlowMeter.parquet"", ""DDoS1-Tuesday-20-02-2018_TrafficForML_CICFlowMeter.parquet"", ""DDoS2-Wednesday-21-02-2018_TrafficForML_CICFlowMeter.parquet"", ""DoS1-Thursday-15-02-2018_TrafficForML_CICFlowMeter.parquet"", ""DoS2-Friday-16-02-2018_TrafficForML_CICFlowMeter.parquet"", ""Infil1-Wednesday-28-02-2018_TrafficForML_CICFlowMeter.parquet"", ""Infil2-Thursday-01-03-2018_TrafficForML_CICFlowMeter.parquet"", ""Web1-Thursday-22-02-2018_TrafficForML_CICFlowMeter.parquet"", ""Web2-Friday-23-02-2018_TrafficForML_CICFlowMeter.parquet""]}]"
48,URG Flag Count,1,int8,identical,int64,All files use the same physical type.,"[{""physical_type"": ""int8"", ""file_count"": 10, ""files"": [""Botnet-Friday-02-03-2018_TrafficForML_CICFlowMeter.parquet"", ""Bruteforce-Wednesday-14-02-2018_TrafficForML_CICFlowMeter.parquet"", ""DDoS1-Tuesday-20-02-2018_TrafficForML_CICFlowMeter.parquet"", ""DDoS2-Wednesday-21-02-2018_TrafficForML_CICFlowMeter.parquet"", ""DoS1-Thursday-15-02-2018_TrafficForML_CICFlowMeter.parquet"", ""DoS2-Friday-16-02-2018_TrafficForML_CICFlowMeter.parquet"", ""Infil1-Wednesday-28-02-2018_TrafficForML_CICFlowMeter.parquet"", ""Infil2-Thursday-01-03-2018_TrafficForML_CICFlowMeter.parquet"", ""Web1-Thursday-22-02-2018_TrafficForML_CICFlowMeter.parquet"", ""Web2-Friday-23-02-2018_TrafficForML_CICFlowMeter.parquet""]}]"
49,CWE Flag Count,1,int8,identical,int64,All files use the same physical type.,"[{""physical_type"": ""int8"", ""file_count"": 10, ""files"": [""Botnet-Friday-02-03-2018_TrafficForML_CICFlowMeter.parquet"", ""Bruteforce-Wednesday-14-02-2018_TrafficForML_CICFlowMeter.parquet"", ""DDoS1-Tuesday-20-02-2018_TrafficForML_CICFlowMeter.parquet"", ""DDoS2-Wednesday-21-02-2018_TrafficForML_CICFlowMeter.parquet"", ""DoS1-Thursday-15-02-2018_TrafficForML_CICFlowMeter.parquet"", ""DoS2-Friday-16-02-2018_TrafficForML_CICFlowMeter.parquet"", ""Infil1-Wednesday-28-02-2018_TrafficForML_CICFlowMeter.parquet"", ""Infil2-Thursday-01-03-2018_TrafficForML_CICFlowMeter.parquet"", ""Web1-Thursday-22-02-2018_TrafficForML_CICFlowMeter.parquet"", ""Web2-Friday-23-02-2018_TrafficForML_CICFlowMeter.parquet""]}]"
50,ECE Flag Count,1,int8,identical,int64,All files use the same physical type.,"[{""physical_type"": ""int8"", ""file_count"": 10, ""files"": [""Botnet-Friday-02-03-2018_TrafficForML_CICFlowMeter.parquet"", ""Bruteforce-Wednesday-14-02-2018_TrafficForML_CICFlowMeter.parquet"", ""DDoS1-Tuesday-20-02-2018_TrafficForML_CICFlowMeter.parquet"", ""DDoS2-Wednesday-21-02-2018_TrafficForML_CICFlowMeter.parquet"", ""DoS1-Thursday-15-02-2018_TrafficForML_CICFlowMeter.parquet"", ""DoS2-Friday-16-02-2018_TrafficForML_CICFlowMeter.parquet"", ""Infil1-Wednesday-28-02-2018_TrafficForML_CICFlowMeter.parquet"", ""Infil2-Thursday-01-03-2018_TrafficForML_CICFlowMeter.parquet"", ""Web1-Thursday-22-02-2018_TrafficForML_CICFlowMeter.parquet"", ""Web2-Friday-23-02-2018_TrafficForML_CICFlowMeter.parquet""]}]"
51,Down/Up Ratio,2,int16 | int8,safe_numeric_widening,int64,Integer-width differences can be safely promoted to int64.,"[{""physical_type"": ""int16"", ""file_count"": 3, ""files"": [""Botnet-Friday-02-03-2018_TrafficForML_CICFlowMeter.parquet"", ""Infil1-Wednesday-28-02-2018_TrafficForML_CICFlowMeter.parquet"", ""Infil2-Thursday-01-03-2018_TrafficForML_CICFlowMeter.parquet""]}, {""physical_type"": ""int8"", ""file_count"": 7, ""files"": [""Bruteforce-Wednesday-14-02-2018_TrafficForML_CICFlowMeter.parquet"", ""DDoS1-Tuesday-20-02-2018_TrafficForML_CICFlowMeter.parquet"", ""DDoS2-Wednesday-21-02-2018_TrafficForML_CICFlowMeter.parquet"", ""DoS1-Thursday-15-02-2018_TrafficForML_CICFlowMeter.parquet"", ""DoS2-Friday-16-02-2018_TrafficForML_CICFlowMeter.parquet"", ""Web1-Thursday-22-02-2018_TrafficForML_CICFlowMeter.parquet"", ""Web2-Friday-23-02-2018_TrafficForML_CICFlowMeter.parquet""]}]"
52,Avg Packet Size,1,float,identical,double,All files use the same physical type.,"[{""physical_type"": ""float"", ""file_count"": 10, ""files"": [""Botnet-Friday-02-03-2018_TrafficForML_CICFlowMeter.parquet"", ""Bruteforce-Wednesday-14-02-2018_TrafficForML_CICFlowMeter.parquet"", ""DDoS1-Tuesday-20-02-2018_TrafficForML_CICFlowMeter.parquet"", ""DDoS2-Wednesday-21-02-2018_TrafficForML_CICFlowMeter.parquet"", ""DoS1-Thursday-15-02-2018_TrafficForML_CICFlowMeter.parquet"", ""DoS2-Friday-16-02-2018_TrafficForML_CICFlowMeter.parquet"", ""Infil1-Wednesday-28-02-2018_TrafficForML_CICFlowMeter.parquet"", ""Infil2-Thursday-01-03-2018_TrafficForML_CICFlowMeter.parquet"", ""Web1-Thursday-22-02-2018_TrafficForML_CICFlowMeter.parquet"", ""Web2-Friday-23-02-2018_TrafficForML_CICFlowMeter.parquet""]}]"
53,Avg Fwd Segment Size,1,float,identical,double,All files use the same physical type.,"[{""physical_type"": ""float"", ""file_count"": 10, ""files"": [""Botnet-Friday-02-03-2018_TrafficForML_CICFlowMeter.parquet"", ""Bruteforce-Wednesday-14-02-2018_TrafficForML_CICFlowMeter.parquet"", ""DDoS1-Tuesday-20-02-2018_TrafficForML_CICFlowMeter.parquet"", ""DDoS2-Wednesday-21-02-2018_TrafficForML_CICFlowMeter.parquet"", ""DoS1-Thursday-15-02-2018_TrafficForML_CICFlowMeter.parquet"", ""DoS2-Friday-16-02-2018_TrafficForML_CICFlowMeter.parquet"", ""Infil1-Wednesday-28-02-2018_TrafficForML_CICFlowMeter.parquet"", ""Infil2-Thursday-01-03-2018_TrafficForML_CICFlowMeter.parquet"", ""Web1-Thursday-22-02-2018_TrafficForML_CICFlowMeter.parquet"", ""Web2-Friday-23-02-2018_TrafficForML_CICFlowMeter.parquet""]}]"
54,Avg Bwd Segment Size,1,float,identical,double,All files use the same physical type.,"[{""physical_type"": ""float"", ""file_count"": 10, ""files"": [""Botnet-Friday-02-03-2018_TrafficForML_CICFlowMeter.parquet"", ""Bruteforce-Wednesday-14-02-2018_TrafficForML_CICFlowMeter.parquet"", ""DDoS1-Tuesday-20-02-2018_TrafficForML_CICFlowMeter.parquet"", ""DDoS2-Wednesday-21-02-2018_TrafficForML_CICFlowMeter.parquet"", ""DoS1-Thursday-15-02-2018_TrafficForML_CICFlowMeter.parquet"", ""DoS2-Friday-16-02-2018_TrafficForML_CICFlowMeter.parquet"", ""Infil1-Wednesday-28-02-2018_TrafficForML_CICFlowMeter.parquet"", ""Infil2-Thursday-01-03-2018_TrafficForML_CICFlowMeter.parquet"", ""Web1-Thursday-22-02-2018_TrafficForML_CICFlowMeter.parquet"", ""Web2-Friday-23-02-2018_TrafficForML_CICFlowMeter.parquet""]}]"
55,Fwd Avg Bytes/Bulk,1,int8,identical,int64,All files use the same physical type.,"[{""physical_type"": ""int8"", ""file_count"": 10, ""files"": [""Botnet-Friday-02-03-2018_TrafficForML_CICFlowMeter.parquet"", ""Bruteforce-Wednesday-14-02-2018_TrafficForML_CICFlowMeter.parquet"", ""DDoS1-Tuesday-20-02-2018_TrafficForML_CICFlowMeter.parquet"", ""DDoS2-Wednesday-21-02-2018_TrafficForML_CICFlowMeter.parquet"", ""DoS1-Thursday-15-02-2018_TrafficForML_CICFlowMeter.parquet"", ""DoS2-Friday-16-02-2018_TrafficForML_CICFlowMeter.parquet"", ""Infil1-Wednesday-28-02-2018_TrafficForML_CICFlowMeter.parquet"", ""Infil2-Thursday-01-03-2018_TrafficForML_CICFlowMeter.parquet"", ""Web1-Thursday-22-02-2018_TrafficForML_CICFlowMeter.parquet"", ""Web2-Friday-23-02-2018_TrafficForML_CICFlowMeter.parquet""]}]"
56,Fwd Avg Packets/Bulk,1,int8,identical,int64,All files use the same physical type.,"[{""physical_type"": ""int8"", ""file_count"": 10, ""files"": [""Botnet-Friday-02-03-2018_TrafficForML_CICFlowMeter.parquet"", ""Bruteforce-Wednesday-14-02-2018_TrafficForML_CICFlowMeter.parquet"", ""DDoS1-Tuesday-20-02-2018_TrafficForML_CICFlowMeter.parquet"", ""DDoS2-Wednesday-21-02-2018_TrafficForML_CICFlowMeter.parquet"", ""DoS1-Thursday-15-02-2018_TrafficForML_CICFlowMeter.parquet"", ""DoS2-Friday-16-02-2018_TrafficForML_CICFlowMeter.parquet"", ""Infil1-Wednesday-28-02-2018_TrafficForML_CICFlowMeter.parquet"", ""Infil2-Thursday-01-03-2018_TrafficForML_CICFlowMeter.parquet"", ""Web1-Thursday-22-02-2018_TrafficForML_CICFlowMeter.parquet"", ""Web2-Friday-23-02-2018_TrafficForML_CICFlowMeter.parquet""]}]"
57,Fwd Avg Bulk Rate,1,int8,identical,int64,All files use the same physical type.,"[{""physical_type"": ""int8"", ""file_count"": 10, ""files"": [""Botnet-Friday-02-03-2018_TrafficForML_CICFlowMeter.parquet"", ""Bruteforce-Wednesday-14-02-2018_TrafficForML_CICFlowMeter.parquet"", ""DDoS1-Tuesday-20-02-2018_TrafficForML_CICFlowMeter.parquet"", ""DDoS2-Wednesday-21-02-2018_TrafficForML_CICFlowMeter.parquet"", ""DoS1-Thursday-15-02-2018_TrafficForML_CICFlowMeter.parquet"", ""DoS2-Friday-16-02-2018_TrafficForML_CICFlowMeter.parquet"", ""Infil1-Wednesday-28-02-2018_TrafficForML_CICFlowMeter.parquet"", ""Infil2-Thursday-01-03-2018_TrafficForML_CICFlowMeter.parquet"", ""Web1-Thursday-22-02-2018_TrafficForML_CICFlowMeter.parquet"", ""Web2-Friday-23-02-2018_TrafficForML_CICFlowMeter.parquet""]}]"
58,Bwd Avg Bytes/Bulk,1,int8,identical,int64,All files use the same physical type.,"[{""physical_type"": ""int8"", ""file_count"": 10, ""files"": [""Botnet-Friday-02-03-2018_TrafficForML_CICFlowMeter.parquet"", ""Bruteforce-Wednesday-14-02-2018_TrafficForML_CICFlowMeter.parquet"", ""DDoS1-Tuesday-20-02-2018_TrafficForML_CICFlowMeter.parquet"", ""DDoS2-Wednesday-21-02-2018_TrafficForML_CICFlowMeter.parquet"", ""DoS1-Thursday-15-02-2018_TrafficForML_CICFlowMeter.parquet"", ""DoS2-Friday-16-02-2018_TrafficForML_CICFlowMeter.parquet"", ""Infil1-Wednesday-28-02-2018_TrafficForML_CICFlowMeter.parquet"", ""Infil2-Thursday-01-03-2018_TrafficForML_CICFlowMeter.parquet"", ""Web1-Thursday-22-02-2018_TrafficForML_CICFlowMeter.parquet"", ""Web2-Friday-23-02-2018_TrafficForML_CICFlowMeter.parquet""]}]"
59,Bwd Avg Packets/Bulk,1,int8,identical,int64,All files use the same physical type.,"[{""physical_type"": ""int8"", ""file_count"": 10, ""files"": [""Botnet-Friday-02-03-2018_TrafficForML_CICFlowMeter.parquet"", ""Bruteforce-Wednesday-14-02-2018_TrafficForML_CICFlowMeter.parquet"", ""DDoS1-Tuesday-20-02-2018_TrafficForML_CICFlowMeter.parquet"", ""DDoS2-Wednesday-21-02-2018_TrafficForML_CICFlowMeter.parquet"", ""DoS1-Thursday-15-02-2018_TrafficForML_CICFlowMeter.parquet"", ""DoS2-Friday-16-02-2018_TrafficForML_CICFlowMeter.parquet"", ""Infil1-Wednesday-28-02-2018_TrafficForML_CICFlowMeter.parquet"", ""Infil2-Thursday-01-03-2018_TrafficForML_CICFlowMeter.parquet"", ""Web1-Thursday-22-02-2018_TrafficForML_CICFlowMeter.parquet"", ""Web2-Friday-23-02-2018_TrafficForML_CICFlowMeter.parquet""]}]"
60,Bwd Avg Bulk Rate,1,int8,identical,int64,All files use the same physical type.,"[{""physical_type"": ""int8"", ""file_count"": 10, ""files"": [""Botnet-Friday-02-03-2018_TrafficForML_CICFlowMeter.parquet"", ""Bruteforce-Wednesday-14-02-2018_TrafficForML_CICFlowMeter.parquet"", ""DDoS1-Tuesday-20-02-2018_TrafficForML_CICFlowMeter.parquet"", ""DDoS2-Wednesday-21-02-2018_TrafficForML_CICFlowMeter.parquet"", ""DoS1-Thursday-15-02-2018_TrafficForML_CICFlowMeter.parquet"", ""DoS2-Friday-16-02-2018_TrafficForML_CICFlowMeter.parquet"", ""Infil1-Wednesday-28-02-2018_TrafficForML_CICFlowMeter.parquet"", ""Infil2-Thursday-01-03-2018_TrafficForML_CICFlowMeter.parquet"", ""Web1-Thursday-22-02-2018_TrafficForML_CICFlowMeter.parquet"", ""Web2-Friday-23-02-2018_TrafficForML_CICFlowMeter.parquet""]}]"
61,Subflow Fwd Packets,2,int16 | int32,safe_numeric_widening,int64,Integer-width differences can be safely promoted to int64.,"[{""physical_type"": ""int16"", ""file_count"": 5, ""files"": [""Bruteforce-Wednesday-14-02-2018_TrafficForML_CICFlowMeter.parquet"", ""DoS1-Thursday-15-02-2018_TrafficForML_CICFlowMeter.parquet"", ""DoS2-Friday-16-02-2018_TrafficForML_CICFlowMeter.parquet"", ""Infil2-Thursday-01-03-2018_TrafficForML_CICFlowMeter.parquet"", ""Web1-Thursday-22-02-2018_TrafficForML_CICFlowMeter.parquet""]}, {""physical_type"": ""int32"", ""file_count"": 5, ""files"": [""Botnet-Friday-02-03-2018_TrafficForML_CICFlowMeter.parquet"", ""DDoS1-Tuesday-20-02-2018_TrafficForML_CICFlowMeter.parquet"", ""DDoS2-Wednesday-21-02-2018_TrafficForML_CICFlowMeter.parquet"", ""Infil1-Wednesday-28-02-2018_TrafficForML_CICFlowMeter.parquet"", ""Web2-Friday-23-02-2018_TrafficForML_CICFlowMeter.parquet""]}]"
62,Subflow Fwd Bytes,2,int16 | int32,safe_numeric_widening,int64,Integer-width differences can be safely promoted to int64.,"[{""physical_type"": ""int16"", ""file_count"": 1, ""files"": [""DoS2-Friday-16-02-2018_TrafficForML_CICFlowMeter.parquet""]}, {""physical_type"": ""int32"", ""file_count"": 9, ""files"": [""Botnet-Friday-02-03-2018_TrafficForML_CICFlowMeter.parquet"", ""Bruteforce-Wednesday-14-02-2018_TrafficForML_CICFlowMeter.parquet"", ""DDoS1-Tuesday-20-02-2018_TrafficForML_CICFlowMeter.parquet"", ""DDoS2-Wednesday-21-02-2018_TrafficForML_CICFlowMeter.parquet"", ""DoS1-Thursday-15-02-2018_TrafficForML_CICFlowMeter.parquet"", ""Infil1-Wednesday-28-02-2018_TrafficForML_CICFlowMeter.parquet"", ""Infil2-Thursday-01-03-2018_TrafficForML_CICFlowMeter.parquet"", ""Web1-Thursday-22-02-2018_TrafficForML_CICFlowMeter.parquet"", ""Web2-Friday-23-02-2018_TrafficForML_CICFlowMeter.parquet""]}]"
63,Subflow Bwd Packets,3,int16 | int32 | int8,safe_numeric_widening,int64,Integer-width differences can be safely promoted to int64.,"[{""physical_type"": ""int16"", ""file_count"": 4, ""files"": [""Bruteforce-Wednesday-14-02-2018_TrafficForML_CICFlowMeter.parquet"", ""DDoS1-Tuesday-20-02-2018_TrafficForML_CICFlowMeter.parquet"", ""DoS1-Thursday-15-02-2018_TrafficForML_CICFlowMeter.parquet"", ""DoS2-Friday-16-02-2018_TrafficForML_CICFlowMeter.parquet""]}, {""physical_type"": ""int32"", ""file_count"": 5, ""files"": [""Botnet-Friday-02-03-2018_TrafficForML_CICFlowMeter.parquet"", ""Infil1-Wednesday-28-02-2018_TrafficForML_CICFlowMeter.parquet"", ""Infil2-Thursday-01-03-2018_TrafficForML_CICFlowMeter.parquet"", ""Web1-Thursday-22-02-2018_TrafficForML_CICFlowMeter.parquet"", ""Web2-Friday-23-02-2018_TrafficForML_CICFlowMeter.parquet""]}, {""physical_type"": ""int8"", ""file_count"": 1, ""files"": [""DDoS2-Wednesday-21-02-2018_TrafficForML_CICFlowMeter.parquet""]}]"
64,Subflow Bwd Bytes,2,int16 | int32,safe_numeric_widening,int64,Integer-width differences can be safely promoted to int64.,"[{""physical_type"": ""int16"", ""file_count"": 1, ""files"": [""DDoS2-Wednesday-21-02-2018_TrafficForML_CICFlowMeter.parquet""]}, {""physical_type"": ""int32"", ""file_count"": 9, ""files"": [""Botnet-Friday-02-03-2018_TrafficForML_CICFlowMeter.parquet"", ""Bruteforce-Wednesday-14-02-2018_TrafficForML_CICFlowMeter.parquet"", ""DDoS1-Tuesday-20-02-2018_TrafficForML_CICFlowMeter.parquet"", ""DoS1-Thursday-15-02-2018_TrafficForML_CICFlowMeter.parquet"", ""DoS2-Friday-16-02-2018_TrafficForML_CICFlowMeter.parquet"", ""Infil1-Wednesday-28-02-2018_TrafficForML_CICFlowMeter.parquet"", ""Infil2-Thursday-01-03-2018_TrafficForML_CICFlowMeter.parquet"", ""Web1-Thursday-22-02-2018_TrafficForML_CICFlowMeter.parquet"", ""Web2-Friday-23-02-2018_TrafficForML_CICFlowMeter.parquet""]}]"
65,Init Fwd Win Bytes,1,int32,identical,int64,All files use the same physical type.,"[{""physical_type"": ""int32"", ""file_count"": 10, ""files"": [""Botnet-Friday-02-03-2018_TrafficForML_CICFlowMeter.parquet"", ""Bruteforce-Wednesday-14-02-2018_TrafficForML_CICFlowMeter.parquet"", ""DDoS1-Tuesday-20-02-2018_TrafficForML_CICFlowMeter.parquet"", ""DDoS2-Wednesday-21-02-2018_TrafficForML_CICFlowMeter.parquet"", ""DoS1-Thursday-15-02-2018_TrafficForML_CICFlowMeter.parquet"", ""DoS2-Friday-16-02-2018_TrafficForML_CICFlowMeter.parquet"", ""Infil1-Wednesday-28-02-2018_TrafficForML_CICFlowMeter.parquet"", ""Infil2-Thursday-01-03-2018_TrafficForML_CICFlowMeter.parquet"", ""Web1-Thursday-22-02-2018_TrafficForML_CICFlowMeter.parquet"", ""Web2-Friday-23-02-2018_TrafficForML_CICFlowMeter.parquet""]}]"
66,Init Bwd Win Bytes,2,int16 | int32,safe_numeric_widening,int64,Integer-width differences can be safely promoted to int64.,"[{""physical_type"": ""int16"", ""file_count"": 1, ""files"": [""DoS2-Friday-16-02-2018_TrafficForML_CICFlowMeter.parquet""]}, {""physical_type"": ""int32"", ""file_count"": 9, ""files"": [""Botnet-Friday-02-03-2018_TrafficForML_CICFlowMeter.parquet"", ""Bruteforce-Wednesday-14-02-2018_TrafficForML_CICFlowMeter.parquet"", ""DDoS1-Tuesday-20-02-2018_TrafficForML_CICFlowMeter.parquet"", ""DDoS2-Wednesday-21-02-2018_TrafficForML_CICFlowMeter.parquet"", ""DoS1-Thursday-15-02-2018_TrafficForML_CICFlowMeter.parquet"", ""Infil1-Wednesday-28-02-2018_TrafficForML_CICFlowMeter.parquet"", ""Infil2-Thursday-01-03-2018_TrafficForML_CICFlowMeter.parquet"", ""Web1-Thursday-22-02-2018_TrafficForML_CICFlowMeter.parquet"", ""Web2-Friday-23-02-2018_TrafficForML_CICFlowMeter.parquet""]}]"
67,Fwd Act Data Packets,2,int16 | int32,safe_numeric_widening,int64,Integer-width differences can be safely promoted to int64.,"[{""physical_type"": ""int16"", ""file_count"": 7, ""files"": [""Botnet-Friday-02-03-2018_TrafficForML_CICFlowMeter.parquet"", ""Bruteforce-Wednesday-14-02-2018_TrafficForML_CICFlowMeter.parquet"", ""DoS1-Thursday-15-02-2018_TrafficForML_CICFlowMeter.parquet"", ""DoS2-Friday-16-02-2018_TrafficForML_CICFlowMeter.parquet"", ""Infil2-Thursday-01-03-2018_TrafficForML_CICFlowMeter.parquet"", ""Web1-Thursday-22-02-2018_TrafficForML_CICFlowMeter.parquet"", ""Web2-Friday-23-02-2018_TrafficForML_CICFlowMeter.parquet""]}, {""physical_type"": ""int32"", ""file_count"": 3, ""files"": [""DDoS1-Tuesday-20-02-2018_TrafficForML_CICFlowMeter.parquet"", ""DDoS2-Wednesday-21-02-2018_TrafficForML_CICFlowMeter.parquet"", ""Infil1-Wednesday-28-02-2018_TrafficForML_CICFlowMeter.parquet""]}]"
68,Fwd Seg Size Min,1,int8,identical,int64,All files use the same physical type.,"[{""physical_type"": ""int8"", ""file_count"": 10, ""files"": [""Botnet-Friday-02-03-2018_TrafficForML_CICFlowMeter.parquet"", ""Bruteforce-Wednesday-14-02-2018_TrafficForML_CICFlowMeter.parquet"", ""DDoS1-Tuesday-20-02-2018_TrafficForML_CICFlowMeter.parquet"", ""DDoS2-Wednesday-21-02-2018_TrafficForML_CICFlowMeter.parquet"", ""DoS1-Thursday-15-02-2018_TrafficForML_CICFlowMeter.parquet"", ""DoS2-Friday-16-02-2018_TrafficForML_CICFlowMeter.parquet"", ""Infil1-Wednesday-28-02-2018_TrafficForML_CICFlowMeter.parquet"", ""Infil2-Thursday-01-03-2018_TrafficForML_CICFlowMeter.parquet"", ""Web1-Thursday-22-02-2018_TrafficForML_CICFlowMeter.parquet"", ""Web2-Friday-23-02-2018_TrafficForML_CICFlowMeter.parquet""]}]"
69,Active Mean,1,float,identical,double,All files use the same physical type.,"[{""physical_type"": ""float"", ""file_count"": 10, ""files"": [""Botnet-Friday-02-03-2018_TrafficForML_CICFlowMeter.parquet"", ""Bruteforce-Wednesday-14-02-2018_TrafficForML_CICFlowMeter.parquet"", ""DDoS1-Tuesday-20-02-2018_TrafficForML_CICFlowMeter.parquet"", ""DDoS2-Wednesday-21-02-2018_TrafficForML_CICFlowMeter.parquet"", ""DoS1-Thursday-15-02-2018_TrafficForML_CICFlowMeter.parquet"", ""DoS2-Friday-16-02-2018_TrafficForML_CICFlowMeter.parquet"", ""Infil1-Wednesday-28-02-2018_TrafficForML_CICFlowMeter.parquet"", ""Infil2-Thursday-01-03-2018_TrafficForML_CICFlowMeter.parquet"", ""Web1-Thursday-22-02-2018_TrafficForML_CICFlowMeter.parquet"", ""Web2-Friday-23-02-2018_TrafficForML_CICFlowMeter.parquet""]}]"
70,Active Std,1,float,identical,double,All files use the same physical type.,"[{""physical_type"": ""float"", ""file_count"": 10, ""files"": [""Botnet-Friday-02-03-2018_TrafficForML_CICFlowMeter.parquet"", ""Bruteforce-Wednesday-14-02-2018_TrafficForML_CICFlowMeter.parquet"", ""DDoS1-Tuesday-20-02-2018_TrafficForML_CICFlowMeter.parquet"", ""DDoS2-Wednesday-21-02-2018_TrafficForML_CICFlowMeter.parquet"", ""DoS1-Thursday-15-02-2018_TrafficForML_CICFlowMeter.parquet"", ""DoS2-Friday-16-02-2018_TrafficForML_CICFlowMeter.parquet"", ""Infil1-Wednesday-28-02-2018_TrafficForML_CICFlowMeter.parquet"", ""Infil2-Thursday-01-03-2018_TrafficForML_CICFlowMeter.parquet"", ""Web1-Thursday-22-02-2018_TrafficForML_CICFlowMeter.parquet"", ""Web2-Friday-23-02-2018_TrafficForML_CICFlowMeter.parquet""]}]"
71,Active Max,2,float | int32,safe_numeric_promotion,double,Mixed numeric types can be safely promoted to float64.,"[{""physical_type"": ""float"", ""file_count"": 1, ""files"": [""Botnet-Friday-02-03-2018_TrafficForML_CICFlowMeter.parquet""]}, {""physical_type"": ""int32"", ""file_count"": 9, ""files"": [""Bruteforce-Wednesday-14-02-2018_TrafficForML_CICFlowMeter.parquet"", ""DDoS1-Tuesday-20-02-2018_TrafficForML_CICFlowMeter.parquet"", ""DDoS2-Wednesday-21-02-2018_TrafficForML_CICFlowMeter.parquet"", ""DoS1-Thursday-15-02-2018_TrafficForML_CICFlowMeter.parquet"", ""DoS2-Friday-16-02-2018_TrafficForML_CICFlowMeter.parquet"", ""Infil1-Wednesday-28-02-2018_TrafficForML_CICFlowMeter.parquet"", ""Infil2-Thursday-01-03-2018_TrafficForML_CICFlowMeter.parquet"", ""Web1-Thursday-22-02-2018_TrafficForML_CICFlowMeter.parquet"", ""Web2-Friday-23-02-2018_TrafficForML_CICFlowMeter.parquet""]}]"
72,Active Min,2,float | int32,safe_numeric_promotion,double,Mixed numeric types can be safely promoted to float64.,"[{""physical_type"": ""float"", ""file_count"": 1, ""files"": [""Botnet-Friday-02-03-2018_TrafficForML_CICFlowMeter.parquet""]}, {""physical_type"": ""int32"", ""file_count"": 9, ""files"": [""Bruteforce-Wednesday-14-02-2018_TrafficForML_CICFlowMeter.parquet"", ""DDoS1-Tuesday-20-02-2018_TrafficForML_CICFlowMeter.parquet"", ""DDoS2-Wednesday-21-02-2018_TrafficForML_CICFlowMeter.parquet"", ""DoS1-Thursday-15-02-2018_TrafficForML_CICFlowMeter.parquet"", ""DoS2-Friday-16-02-2018_TrafficForML_CICFlowMeter.parquet"", ""Infil1-Wednesday-28-02-2018_TrafficForML_CICFlowMeter.parquet"", ""Infil2-Thursday-01-03-2018_TrafficForML_CICFlowMeter.parquet"", ""Web1-Thursday-22-02-2018_TrafficForML_CICFlowMeter.parquet"", ""Web2-Friday-23-02-2018_TrafficForML_CICFlowMeter.parquet""]}]"
73,Idle Mean,1,float,identical,double,All files use the same physical type.,"[{""physical_type"": ""float"", ""file_count"": 10, ""files"": [""Botnet-Friday-02-03-2018_TrafficForML_CICFlowMeter.parquet"", ""Bruteforce-Wednesday-14-02-2018_TrafficForML_CICFlowMeter.parquet"", ""DDoS1-Tuesday-20-02-2018_TrafficForML_CICFlowMeter.parquet"", ""DDoS2-Wednesday-21-02-2018_TrafficForML_CICFlowMeter.parquet"", ""DoS1-Thursday-15-02-2018_TrafficForML_CICFlowMeter.parquet"", ""DoS2-Friday-16-02-2018_TrafficForML_CICFlowMeter.parquet"", ""Infil1-Wednesday-28-02-2018_TrafficForML_CICFlowMeter.parquet"", ""Infil2-Thursday-01-03-2018_TrafficForML_CICFlowMeter.parquet"", ""Web1-Thursday-22-02-2018_TrafficForML_CICFlowMeter.parquet"", ""Web2-Friday-23-02-2018_TrafficForML_CICFlowMeter.parquet""]}]"
74,Idle Std,1,float,identical,double,All files use the same physical type.,"[{""physical_type"": ""float"", ""file_count"": 10, ""files"": [""Botnet-Friday-02-03-2018_TrafficForML_CICFlowMeter.parquet"", ""Bruteforce-Wednesday-14-02-2018_TrafficForML_CICFlowMeter.parquet"", ""DDoS1-Tuesday-20-02-2018_TrafficForML_CICFlowMeter.parquet"", ""DDoS2-Wednesday-21-02-2018_TrafficForML_CICFlowMeter.parquet"", ""DoS1-Thursday-15-02-2018_TrafficForML_CICFlowMeter.parquet"", ""DoS2-Friday-16-02-2018_TrafficForML_CICFlowMeter.parquet"", ""Infil1-Wednesday-28-02-2018_TrafficForML_CICFlowMeter.parquet"", ""Infil2-Thursday-01-03-2018_TrafficForML_CICFlowMeter.parquet"", ""Web1-Thursday-22-02-2018_TrafficForML_CICFlowMeter.parquet"", ""Web2-Friday-23-02-2018_TrafficForML_CICFlowMeter.parquet""]}]"
75,Idle Max,3,float | int32 | int64,safe_numeric_promotion,double,Mixed numeric types can be safely promoted to float64.,"[{""physical_type"": ""float"", ""file_count"": 1, ""files"": [""Botnet-Friday-02-03-2018_TrafficForML_CICFlowMeter.parquet""]}, {""physical_type"": ""int32"", ""file_count"": 7, ""files"": [""DDoS1-Tuesday-20-02-2018_TrafficForML_CICFlowMeter.parquet"", ""DDoS2-Wednesday-21-02-2018_TrafficForML_CICFlowMeter.parquet"", ""DoS1-Thursday-15-02-2018_TrafficForML_CICFlowMeter.parquet"", ""DoS2-Friday-16-02-2018_TrafficForML_CICFlowMeter.parquet"", ""Infil1-Wednesday-28-02-2018_TrafficForML_CICFlowMeter.parquet"", ""Infil2-Thursday-01-03-2018_TrafficForML_CICFlowMeter.parquet"", ""Web2-Friday-23-02-2018_TrafficForML_CICFlowMeter.parquet""]}, {""physical_type"": ""int64"", ""file_count"": 2, ""files"": [""Bruteforce-Wednesday-14-02-2018_TrafficForML_CICFlowMeter.parquet"", ""Web1-Thursday-22-02-2018_TrafficForML_CICFlowMeter.parquet""]}]"
76,Idle Min,3,float | int32 | int64,safe_numeric_promotion,double,Mixed numeric types can be safely promoted to float64.,"[{""physical_type"": ""float"", ""file_count"": 1, ""files"": [""Botnet-Friday-02-03-2018_TrafficForML_CICFlowMeter.parquet""]}, {""physical_type"": ""int32"", ""file_count"": 7, ""files"": [""DDoS1-Tuesday-20-02-2018_TrafficForML_CICFlowMeter.parquet"", ""DDoS2-Wednesday-21-02-2018_TrafficForML_CICFlowMeter.parquet"", ""DoS1-Thursday-15-02-2018_TrafficForML_CICFlowMeter.parquet"", ""DoS2-Friday-16-02-2018_TrafficForML_CICFlowMeter.parquet"", ""Infil1-Wednesday-28-02-2018_TrafficForML_CICFlowMeter.parquet"", ""Infil2-Thursday-01-03-2018_TrafficForML_CICFlowMeter.parquet"", ""Web2-Friday-23-02-2018_TrafficForML_CICFlowMeter.parquet""]}, {""physical_type"": ""int64"", ""file_count"": 2, ""files"": [""Bruteforce-Wednesday-14-02-2018_TrafficForML_CICFlowMeter.parquet"", ""Web1-Thursday-22-02-2018_TrafficForML_CICFlowMeter.parquet""]}]"
77,Label,1,"dictionary<values=string, indices=int8, ordered=0>",identical,"dictionary<values=string, indices=int8, ordered=0>",All files use the same physical type.,"[{""physical_type"": ""dictionary<values=string, indices=int8, ordered=0>"", ""file_count"": 10, ""files"": [""Botnet-Friday-02-03-2018_TrafficForML_CICFlowMeter.parquet"", ""Bruteforce-Wednesday-14-02-2018_TrafficForML_CICFlowMeter.parquet"", ""DDoS1-Tuesday-20-02-2018_TrafficForML_CICFlowMeter.parquet"", ""DDoS2-Wednesday-21-02-2018_TrafficForML_CICFlowMeter.parquet"", ""DoS1-Thursday-15-02-2018_TrafficForML_CICFlowMeter.parquet"", ""DoS2-Friday-16-02-2018_TrafficForML_CICFlowMeter.parquet"", ""Infil1-Wednesday-28-02-2018_TrafficForML_CICFlowMeter.parquet"", ""Infil2-Thursday-01-03-2018_TrafficForML_CICFlowMeter.parquet"", ""Web1-Thursday-22-02-2018_TrafficForML_CICFlowMeter.parquet"", ""Web2-Friday-23-02-2018_TrafficForML_CICFlowMeter.parquet""]}]"
